artist_name,artist_gender
Aaron Douglas,Male
Aaron Douglas,Male
Aaron Douglas,Male
Aaron Douglas,Male
Aaron Douglas,Male
Aaron Douglas,Male
Aaron Douglas,Male
Aaron Douglas,Male
Adélaïde Labille-Guiard,Female
Adélaïde Labille-Guiard,Female
Adélaïde Labille-Guiard,Female
Adolphe William Bouguereau,Male
Adolphe William Bouguereau,Male
Adolphe William Bouguereau,Male
Adolphe William Bouguereau,Male
Adolphe William Bouguereau,Male
Adolphe William Bouguereau,Male
Adolphe William Bouguereau,Male
Adolphe William Bouguereau,Male
Adolphe William Bouguereau,Male
Albert Bierstadt,Male
Albert Bierstadt,Male
Albert Bierstadt,Male
Albert Bierstadt,Male
Albert Bierstadt,Male
Albert Bierstadt,Male
Albert Pinkham Ryder,Male
Albert Pinkham Ryder,Male
Albert Pinkham Ryder,Male
Albert Pinkham Ryder,Male
Albert Pinkham Ryder,Male
Albert Pinkham Ryder,Male
Albert Pinkham Ryder,Male
Alexander Gardner,Male
Alexandre Cabanel,Male
Alfred Stieglitz,Male
Alfred Stieglitz,Male
Alfred Stieglitz,Male
Alfred Stieglitz,Male
Alfred Stieglitz,Male
Alfred Stieglitz,Male
Alfred Stieglitz,Male
Alfred Stieglitz,Male
Alfred Stieglitz,Male
Alfredo Guido,Male
Alvin Langdon Coburn,Male
Ana Mendieta,Female
Ana Mendieta,Female
Ana Mendieta,Female
Ana Mendieta,Female
Ana Mendieta,Female
Ando Hiroshige,Male
Ando Hiroshige,Male
Ando Hiroshige,Male
André Derain,Male
André Derain,Male
André Derain,Male
André Derain,Male
André Derain,Male
André Derain,Male
André Derain,Male
André Derain,Male
André Derain,Male
André Derain,Male
André Derain,Male
André Derain,Male
André Derain,Male
André-Adolphe-Eugène Disdéri,Male
Andreas Gursky,Male
Andreas Gursky,Male
Andreas Gursky,Male
Andrew Wyeth,Male
Andrew Wyeth,Male
Andrew Wyeth,Male
Andrew Wyeth,Male
Andy Warhol,Male
Andy Warhol,Male
Andy Warhol,Male
Andy Warhol,Male
Andy Warhol,Male
Andy Warhol,Male
Andy Warhol,Male
Andy Warhol,Male
Angelica Kauffmann,Female
Angelica Kauffmann,Female
Angelica Kauffmann,Female
Angelica Kauffmann,Female
Angelica Kauffmann,Female
Angelica Kauffmann,Female
Angelica Kauffmann,Female
Angelica Kauffmann,Female
Angelica Kauffmann,Female
Anne Louis Girodet Trioson,Male
Anne Louis Girodet Trioson,Male
Anne Louis Girodet Trioson,Male
Anne Louis Girodet Trioson,Male
Anne Louis Girodet Trioson,Male
Anne Louis Girodet Trioson,Male
Anne Louis Girodet Trioson,Male
Anne Louis Girodet Trioson,Male
Anne Louis Girodet Trioson,Male
Anne Louis Girodet Trioson,Male
Anne Louis Girodet Trioson,Male
Anne Louis Girodet Trioson,Male
Ansel Adams,Male
Anselm Feuerbach,Male
Anselm Feuerbach,Male
Anselm Feuerbach,Male
Anselm Kiefer,Male
Anselm Kiefer,Male
Anselm Kiefer,Male
Anselm Kiefer,Male
Anselm Kiefer,Male
Anselm Kiefer,Male
Anselm Kiefer,Male
Anselm Kiefer,Male
Antoine Jean Gros,Male
Antoine Jean Gros,Male
Antoine Jean Gros,Male
Antoine Jean Gros,Male
Antoine Jean Gros,Male
Antoine Jean Gros,Male
Antoine Jean Gros,Male
Antoine Jean Gros,Male
Antoine Jean Gros,Male
Antoine Jean Gros,Male
Antoine Jean Gros,Male
Antoine Jean Gros,Male
Arnold Böcklin,Male
Arshile Gorky,Male
Arshile Gorky,Male
Arshile Gorky,Male
Arthur B. Davies,Male
Arthur Dove,Male
Arthur Dove,Male
Arthur Dove,Male
Aubrey Beardsley,Male
Aubrey Beardsley,Male
Aubrey Beardsley,Male
Aubrey Beardsley,Male
Aubrey Beardsley,Male
Audrey Flack,Female
Audrey Flack,Female
Audrey Flack,Female
Audrey Flack,Female
Audrey Flack,Female
Audrey Flack,Female
August Sander,Male
Auguste Renoir,Male
Auguste Renoir,Male
Auguste Renoir,Male
Auguste Renoir,Male
Auguste Renoir,Male
Auguste Renoir,Male
Auguste Renoir,Male
Auguste Renoir,Male
Auguste Renoir,Male
Auguste Renoir,Male
Auguste Renoir,Male
Auguste Renoir,Male
Auguste Renoir,Male
Auguste Renoir,Male
Auguste Renoir,Male
Auguste Renoir,Male
Barbara Kruger,Female
Barbara Kruger,Female
Barbara Kruger,Female
Barbara Kruger,Female
Barbara Kruger,Female
Barbara Kruger,Female
Barbara Kruger,Female
Barbara Kruger,Female
Barnett Newman,Male
Barnett Newman,Male
Barnett Newman,Male
Barnett Newman,Male
Barnett Newman,Male
Barnett Newman,Male
Barnett Newman,Male
Barnett Newman,Male
Barnett Newman,Male
Barnett Newman,Male
Ben Shahn,Male
Ben Shahn,Male
Ben Shahn,Male
Ben Shahn,Male
Ben Shahn,Male
Ben Shahn,Male
Ben Shahn,Male
Benjamin West,Male
Benjamin West,Male
Benjamin West,Male
Benjamin West,Male
Benjamin West,Male
Benjamin West,Male
Benjamin West,Male
Benjamin West,Male
Benjamin West,Male
Benjamin West,Male
Bernard Buffet,Male
Berthe Morisot,Female
Berthe Morisot,Female
Berthe Morisot,Female
Berthe Morisot,Female
Berthe Morisot,Female
Berthe Morisot,Female
Berthe Morisot,Female
Boris Maluev,Male
Bridget Riley,Female
Bridget Riley,Female
Bridget Riley,Female
Bridget Riley,Female
Bridget Riley,Female
Bridget Riley,Female
Bridget Riley,Female
Bridget Riley,Female
Camille Pissarro,Male
Camille Pissarro,Male
Camille Pissarro,Male
Camille Pissarro,Male
Camille Pissarro,Male
Camille Pissarro,Male
Camille Pissarro,Male
Camille Pissarro,Male
Camille Pissarro,Male
Camille Pissarro,Male
Camille Pissarro,Male
Camille Pissarro,Male
Cândido Portinari,Male
Carrie Mae Weems,Female
Carrie Mae Weems,Female
Caspar David Friedrich,Male
Caspar David Friedrich,Male
Caspar David Friedrich,Male
Caspar David Friedrich,Male
Caspar David Friedrich,Male
Caspar David Friedrich,Male
Caspar David Friedrich,Male
Caspar David Friedrich,Male
Caspar David Friedrich,Male
Caspar David Friedrich,Male
Caspar David Friedrich,Male
Caspar David Friedrich,Male
Charles Demuth,Male
Charles Demuth,Male
Charles Demuth,Male
Charles Demuth,Male
Charles Demuth,Male
Charles Demuth,Male
Charles Demuth,Male
Charles Ephraim Burchfield,Male
Charles Ephraim Burchfield,Male
Charles Sheeler,Male
Charles Sheeler,Male
Charles Sheeler,Male
Charles Sheeler,Male
"Chaucer, Printed by William Morris; illustrated by Burne-Jones",Male
Chris Ofili,Male
Chris Ofili,Male
Chris Ofili,Male
Chris Ofili,Male
Chuck Close,Male
Chuck Close,Male
Chuck Close,Male
Chuck Close,Male
Chuck Close,Male
Chuck Close,Male
Chuck Close,Male
Cindy Sherman,Female
Cindy Sherman,Female
Cindy Sherman,Female
Cindy Sherman,Female
Cindy Sherman,Female
Cindy Sherman,Female
Cindy Sherman,Female
Claude Monet,Male
Claude Monet,Male
Claude Monet,Male
Claude Monet,Male
Claude Monet,Male
Claude Monet,Male
Claude Monet,Male
Claude Monet,Male
Claude Monet,Male
Claude Monet,Male
Claude Monet,Male
Claude Monet,Male
Claude Monet,Male
Claude Monet,Male
Claude Monet,Male
Cliff Whiting (Te Whanau-A-Apanui),Male
Cliff Whiting (Te Whanau-A-Apanui),Male
Cliff Whiting (Te Whanau-A-Apanui),Male
Cliff Whiting (Te Whanau-A-Apanui),Male
Dante Gabriel Rossetti,Male
Dante Gabriel Rossetti,Male
Dante Gabriel Rossetti,Male
Dante Gabriel Rossetti,Male
Dante Gabriel Rossetti,Male
Dante Gabriel Rossetti,Male
David Alfaro Siqueiros,Male
David Alfaro Siqueiros,Male
David Alfaro Siqueiros,Male
David Alfaro Siqueiros,Male
David Alfaro Siqueiros,Male
David Em,Male
David Em,Male
David Em,Male
David Em,Male
David Em,Male
David Em,Male
David Hockney,Male
David Hockney,Male
David Octavius Hill,Male
Robert Adamson,Male
David Octavius Hill,Male
Robert Adamson,Male
David Wojnarowicz,Male
David Wojnarowicz,Male
David Wojnarowicz,Male
David Wojnarowicz,Male
David Wojnarowicz,Male
David Wojnarowicz,Male
"Devised by Johann Wolfgang von Goethe. Prepared by Josef Albers and Sewell Sillman, Yale University",Male
Diane Arbus,Female
Diego Rivera,Male
Diego Rivera,Male
Diego Rivera,Male
Diego Rivera,Male
Diego Rivera,Male
Diego Rivera,Male
Diego Rivera,Male
Diego Rivera,Male
Diego Rivera,Male
Dorothea Lange,Female
Dorothea Lange,Female
Dorothea Lange,Female
Dorothea Lange,Female
Dorothea Lange,Female
Dorothea Lange,Female
Dorothea Lange,Female
Dorothea Lange,Female
Dorothea Rockburne,Female
Duane Michals,Male
Eadweard Muybridge,Male
Eadweard Muybridge,Male
Eadweard Muybridge,Male
Eadweard Muybridge,Male
Eadweard Muybridge,Male
Eadweard Muybridge,Male
Eadweard Muybridge,Male
Eadweard Muybridge,Male
Eadweard Muybridge,Male
Edgar Degas,Male
Edgar Degas,Male
Edgar Degas,Male
Edgar Degas,Male
Edgar Degas,Male
Edgar Degas,Male
Edgar Degas,Male
Edgar Degas,Male
Edgar Degas,Male
Edgar Degas,Male
Edgar Degas,Male
Edgar Degas,Male
Edgar Degas,Male
Edgar Degas,Male
Edgar Degas,Male
Edgards Iltners,Male
Edgards Iltners,Male
Édouard Manet,Male
Édouard Manet,Male
Édouard Manet,Male
Édouard Manet,Male
Édouard Manet,Male
Édouard Manet,Male
Édouard Manet,Male
Édouard Manet,Male
Édouard Manet,Male
Édouard Manet,Male
Édouard Manet,Male
Édouard Manet,Male
Édouard Manet,Male
Édouard Manet,Male
Édouard Manet,Male
Eduardo Paolozzi,Male
Edvard Munch,Male
Edvard Munch,Male
Edvard Munch,Male
Edvard Munch,Male
Edvard Munch,Male
Edvard Munch,Male
Edvard Munch,Male
Edvard Munch,Male
Edvard Munch,Male
Edvard Munch,Male
Edvard Munch,Male
Edvard Munch,Male
Edward Burne-Jones,Male
Edward Burne-Jones,Male
Edward Burne-Jones,Male
Edward Burne-Jones,Male
Edward Burtynsky,Male
Edward Burtynsky,Male
Edward Burtynsky,Male
Edward Hopper,Male
Edward Hopper,Male
Edward Hopper,Male
Edward Hopper,Male
Edward Hopper,Male
Edward Hopper,Male
Edward Hopper,Male
Edward Hopper,Male
Edward Hopper,Male
Edward Hopper,Male
Edward Hopper,Male
Edward Hopper,Male
Edward Ruscha,Male
Edward Ruscha,Male
Edward Weston,Male
Edward Weston,Male
Edward Weston,Male
Edward Weston,Male
Edward Weston,Male
Edward Weston,Male
Edward Weston,Male
Egon Schiele,Male
Egon Schiele,Male
Egon Schiele,Male
El Lissitzky,Male
Élisabeth Louise Vigée-Lebrun,Female
Élisabeth Louise Vigée-Lebrun,Female
Élisabeth Louise Vigée-Lebrun,Female
Élisabeth Louise Vigée-Lebrun,Female
Élisabeth Louise Vigée-Lebrun,Female
Élisabeth Louise Vigée-Lebrun,Female
Élisabeth Louise Vigée-Lebrun,Female
Élisabeth Louise Vigée-Lebrun,Female
Élisabeth Louise Vigée-Lebrun,Female
Élisabeth Louise Vigée-Lebrun,Female
Elizabeth Murray,Female
Elizabeth Murray,Female
Ellsworth Kelly,Male
Ellsworth Kelly,Male
Ellsworth Kelly,Male
Ellsworth Kelly,Male
Ellsworth Kelly,Male
Ellsworth Kelly,Male
Ellsworth Kelly,Male
Ellsworth Kelly,Male
Ellsworth Kelly,Male
Ellsworth Kelly,Male
Ellsworth Kelly,Male
Ellsworth Kelly,Male
Emil Nolde,Male
Emil Nolde,Male
Emil Nolde,Male
Emil Nolde,Male
Emil Nolde,Male
Emil Nolde,Male
Emil Nolde,Male
Emil Nolde,Male
Emil Nolde,Male
Emily Kame Kngwarreye,Female
Ernst Ludwig Kirchner,Male
Ernst Ludwig Kirchner,Male
Ernst Ludwig Kirchner,Male
Ernst Ludwig Kirchner,Male
Ernst Ludwig Kirchner,Male
Ernst Ludwig Kirchner,Male
Ernst Ludwig Kirchner,Male
Ernst Ludwig Kirchner,Male
Eugène Atget,Male
Eugène Atget,Male
Eugène Atget,Male
Eugène Delacroix,Male
Eugène Delacroix,Male
Eugène Delacroix,Male
Eugène Delacroix,Male
Eugène Delacroix,Male
Eugène Delacroix,Male
Eugène Delacroix,Male
Eugène Delacroix,Male
Eugène Delacroix,Male
Eugène Delacroix,Male
Eugène Delacroix,Male
Eugène Delacroix,Male
Eugène Delacroix,Male
Eugène Delacroix,Male
Eugène Delacroix,Male
Eugène Delacroix,Male
Eugène Durieu,Male
Eugène Durieu,Male
Eugène Durieu,Male
Eugène Durieu,Male
Eugene Speicher,Male
Faith Ringgold,Female
Faith Ringgold,Female
Faith Ringgold,Female
Faith Ringgold,Female
Faith Ringgold,Female
Faith Ringgold,Female
Fernand Léger,Male
Fernand Léger,Male
Fernand Léger,Male
Fernand Léger,Male
Fernand Léger,Male
Fernand Léger,Male
Fernand Léger,Male
Fernand Léger,Male
Fernand Léger,Male
Fernand Léger,Male
Fernand Léger,Male
Fernand Léger,Male
Fernand Léger,Male
Fernando Botero,Male
Fernando Botero,Male
Franc Johnson Newcomb,Female
Francis Bacon,Male
Francis Bacon,Male
Francis Bacon,Male
Francis Bacon,Male
Francis Bacon,Male
Francis Bacon,Male
Francis Bacon,Male
Francis Bacon,Male
Francis Bacon,Male
Francis Bacon,Male
Francis Bacon,Male
Francis Bacon,Male
Francisco Goya,Male
Francisco Goya,Male
Francisco Goya,Male
Francisco Goya,Male
Francisco Goya,Male
Francisco Goya,Male
Francisco Goya,Male
Francisco Goya,Male
Francisco Goya,Male
Francisco Goya,Male
Francisco Goya,Male
Francisco Goya,Male
Francisco Goya,Male
Francisco Goya,Male
François Boucher,Male
François Boucher,Male
François Boucher,Male
François Boucher,Male
François Boucher,Male
François Boucher,Male
François Boucher,Male
François Boucher,Male
François Boucher,Male
François Boucher,Male
François Boucher,Male
François Boucher,Male
Frank Gelett Burgess,Male
Frank Gelett Burgess,Male
Frank Gelett Burgess,Male
Frank Gelett Burgess,Male
Frank Stella,Male
Frank Stella,Male
Frank Stella,Male
Frank Stella,Male
Frank Stella,Male
Frank Stella,Male
Frank Stella,Male
Franz Kline,Male
Franz Kline,Male
Franz Kline,Male
Franz Kline,Male
Franz Kline,Male
Franz Kline,Male
Franz Marc,Male
Franz Marc,Male
Franz Marc,Male
Franz Marc,Male
Franz Marc,Male
Franz Marc,Male
Franz Marc,Male
Frederic Edwin Church,Male
Frederic Edwin Church,Male
Frederic Edwin Church,Male
Frederic Edwin Church,Male
Frederic Edwin Church,Male
Frederic Edwin Church,Male
Frida Kahlo,Female
Frida Kahlo,Female
Frida Kahlo,Female
Frida Kahlo,Female
Frida Kahlo,Female
Frida Kahlo,Female
Frida Kahlo,Female
Frida Kahlo,Female
Friedrich von Martens,Male
George Bellows,Male
George Bellows,Male
George Caleb Bingham,Male
George French Angas,Male
George Grosz,Male
George Grosz,Male
George Grosz,Male
George Grosz,Male
George Grosz,Male
George Grosz,Male
George Grosz,Male
George Grosz,Male
George Grosz,Male
George Grosz,Male
George Inness,Male
George Inness,Male
George Inness,Male
George Inness,Male
George N. Barnard,Male
George Stubbs,Male
George Stubbs,Male
Georges Braque,Male
Georges Braque,Male
Georges Braque,Male
Georges Braque,Male
Georges Braque,Male
Georges Braque,Male
Georges Braque,Male
Georges Braque,Male
Georges Braque,Male
Georges Braque,Male
Georges Braque,Male
Georges Braque,Male
Georges Braque,Male
Georges Rouault,Male
Georges Rouault,Male
Georges Rouault,Male
Georges Rouault,Male
Georges Rouault,Male
Georges Rouault,Male
Georges Rouault,Male
Georges Rouault,Male
Georges Seurat,Male
Georges Seurat,Male
Georges Seurat,Male
Georges Seurat,Male
Georges Seurat,Male
Georges Seurat,Male
Georges Seurat,Male
Georges Seurat,Male
Georges Seurat,Male
Georges Seurat,Male
Georges Seurat,Male
Georges Seurat,Male
Georges Seurat,Male
Georges Seurat,Male
Georges Seurat,Male
Georgia O'Keeffe,Female
Georgia O'Keeffe,Female
Georgia O'Keeffe,Female
Georgia O'Keeffe,Female
Georgia O'Keeffe,Female
Georgia O'Keeffe,Female
Georgia O'Keeffe,Female
Georgia O'Keeffe,Female
Georgia O'Keeffe,Female
Georgia O'Keeffe,Female
Georgia O'Keeffe,Female
Georgia O'Keeffe,Female
Gertrude Käsebier,Female
Gertrude Käsebier,Female
Gertrude Käsebier,Female
Gertrude Käsebier,Female
Gertrude Käsebier,Female
Gertrude Käsebier,Female
Gertrude Käsebier,Female
Gertrude Käsebier,Female
Giacomo Balla,Male
Giacomo Balla,Male
Giacomo Balla,Male
Giacomo Balla,Male
Giacomo Balla,Male
Giacomo Balla,Male
Giacomo Balla,Male
Gilbert Prousch,Male
George Passmore,Male
Gilbert Prousch,Male
George Passmore,Male
Gilbert Stuart,Male
Gilbert Stuart,Male
Gilbert Stuart,Male
Gino Severini,Male
Gino Severini,Male
Gino Severini,Male
Gino Severini,Male
Gino Severini,Male
Gino Severini,Male
Gino Severini,Male
Giorgio de Chirico,Male
Giorgio de Chirico,Male
Giorgio de Chirico,Male
Giorgio de Chirico,Male
Giorgio de Chirico,Male
Giorgio de Chirico,Male
Giorgio de Chirico,Male
Giorgio de Chirico,Male
Giorgio de Chirico,Male
Giorgio de Chirico,Male
Giorgio de Chirico,Male
Giorgio de Chirico,Male
Giorgio de Chirico,Male
Giovanni Battista Piranesi,Male
Giovanni Battista Piranesi,Male
Giovanni Battista Piranesi,Male
Giovanni Battista Piranesi,Male
Giovanni Battista Piranesi,Male
Giovanni Battista Piranesi,Male
Giovanni Battista Piranesi,Male
Grant Wood,Male
Grant Wood,Male
Grant Wood,Male
Grant Wood,Male
Grant Wood,Male
Grant Wood,Male
Grant Wood,Male
Grant Wood,Male
Guerrilla Girls,Female
Guerrilla Girls,Female
Guerrilla Girls,Female
Gunta Stölzl,Female
Gunta Stölzl,Female
Gustav Klimt,Male
Gustav Klimt,Male
Gustav Klimt,Male
Gustav Klimt,Male
Gustav Klimt,Male
Gustav Klimt,Male
Gustav Klimt,Male
Gustav Klimt,Male
Gustav Klimt,Male
Gustav Klimt,Male
Gustav Klimt,Male
Gustave Caillebotte,Male
Gustave Caillebotte,Male
Gustave Caillebotte,Male
Gustave Caillebotte,Male
Gustave Caillebotte,Male
Gustave Caillebotte,Male
Gustave Caillebotte,Male
Gustave Courbet,Male
Gustave Courbet,Male
Gustave Courbet,Male
Gustave Courbet,Male
Gustave Courbet,Male
Gustave Courbet,Male
Gustave Courbet,Male
Gustave Courbet,Male
Gustave Courbet,Male
Gustave Courbet,Male
Gustave Courbet,Male
Gustave Courbet,Male
Gustave Courbet,Male
Gustave Courbet,Male
Gustave Courbet,Male
Gustave Le Gray,Male
Gustave Moreau,Male
Gustave Moreau,Male
Gustave Moreau,Male
Gustave Moreau,Male
Gustave Moreau,Male
Gustave Moreau,Male
Gustave Moreau,Male
Gustave Moreau,Male
Gustave Moreau,Male
Gustave Moreau,Male
Hannah Höch,Female
Hannah Höch,Female
Hannah Höch,Female
Hannah Höch,Female
Hannah Höch,Female
Hannah Höch,Female
Hannah Höch,Female
Hannah Wilke,Female
Hannah Wilke,Female
Hannah Wilke,Female
Hans Hofmann,Male
Hans Hofmann,Male
Hans Hofmann,Male
Hans Namuth,Male
Hans Namuth,Male
Hans Namuth,Male
Hans Namuth,Male
Hans von Marées,Male
Helen Frankenthaler,Female
Helen Frankenthaler,Female
Helen Frankenthaler,Female
Helen Frankenthaler,Female
Helen Frankenthaler,Female
Helen Frankenthaler,Female
Helen Frankenthaler,Female
Helen Frankenthaler,Female
Helen Oji,Female
Helen Oji,Female
Henri Cartier-Bresson,Male
Henri Cartier-Bresson,Male
Henri de Toulouse-Lautrec,Male
Henri de Toulouse-Lautrec,Male
Henri de Toulouse-Lautrec,Male
Henri de Toulouse-Lautrec,Male
Henri de Toulouse-Lautrec,Male
Henri de Toulouse-Lautrec,Male
Henri de Toulouse-Lautrec,Male
Henri de Toulouse-Lautrec,Male
Henri de Toulouse-Lautrec,Male
Henri de Toulouse-Lautrec,Male
Henri de Toulouse-Lautrec,Male
Henri de Toulouse-Lautrec,Male
Henri de Toulouse-Lautrec,Male
Henri de Toulouse-Lautrec,Male
Henri de Toulouse-Lautrec,Male
Henri Matisse,Male
Henri Matisse,Male
Henri Matisse,Male
Henri Matisse,Male
Henri Matisse,Male
Henri Matisse,Male
Henri Matisse,Male
Henri Matisse,Male
Henri Matisse,Male
Henri Matisse,Male
Henri Matisse,Male
Henri Matisse,Male
Henri Matisse,Male
Henri Matisse,Male
Henri Matisse,Male
Henri Rousseau,Male
Henri Rousseau,Male
Henri Rousseau,Male
Henri Rousseau,Male
Henri Rousseau,Male
Henri Rousseau,Male
Henri Rousseau,Male
Henri Rousseau,Male
Henri Rousseau,Male
Henri Rousseau,Male
Henri Rousseau,Male
Henri Rousseau,Male
Henri Rousseau,Male
Henri Rousseau,Male
Henri Rousseau,Male
Henry Fuseli,Male
Henry Fuseli,Male
Henry Fuseli,Male
Henry Fuseli,Male
Henry Fuseli,Male
Henry Fuseli,Male
Henry Fuseli,Male
Henry Fuseli,Male
Henry Fuseli,Male
Henry Fuseli,Male
Henry Ossawa Tanner,Male
Henry Ossawa Tanner,Male
Henry Ossawa Tanner,Male
Henry Ossawa Tanner,Male
Henry Ossawa Tanner,Male
Henry Ossawa Tanner,Male
Henry Ossawa Tanner,Male
Henry Ossawa Tanner,Male
Henry Peach Robinson,Male
Herbert Bayer,Male
Hippolyte Jouvin,Male
Hippolyte Jouvin,Male
Hippolyte Jouvin,Male
Hippolyte Jouvin,Male
Paul Delaroche,Male
Hokusai,Male
Hokusai,Male
Honoré Daumier,Male
Honoré Daumier,Male
Honoré Daumier,Male
Honoré Daumier,Male
Honoré Daumier,Male
Honoré Daumier,Male
Honoré Daumier,Male
Honoré Daumier,Male
Honoré Daumier,Male
Honoré Daumier,Male
Honoré Daumier,Male
Honoré Daumier,Male
Honoré Daumier,Male
Honoré Daumier,Male
Honoré Daumier,Male
Honoré Daumier,Male
Huang Binhong,Male
Ilya Repin,Male
Ilya Repin,Male
Ilya Repin,Male
Ilya Repin,Male
Isaac Abrams,Male
Isaac Abrams,Male
Jackson Pollock,Male
Jackson Pollock,Male
Jackson Pollock,Male
Jackson Pollock,Male
Jackson Pollock,Male
Jackson Pollock,Male
Jackson Pollock,Male
Jackson Pollock,Male
Jackson Pollock,Male
Jackson Pollock,Male
Jackson Pollock,Male
Jackson Pollock,Male
Jackson Pollock,Male
Jacob Lawrence,Male
Jacob Lawrence,Male
Jacob Lawrence,Male
Jacob Lawrence,Male
Jacob Lawrence,Male
Jacob Lawrence,Male
Jacob Lawrence,Male
Jacob Lawrence,Male
Jacques-Louis David,Male
Jacques-Louis David,Male
Jacques-Louis David,Male
Jacques-Louis David,Male
Jacques-Louis David,Male
Jacques-Louis David,Male
Jacques-Louis David,Male
Jacques-Louis David,Male
Jacques-Louis David,Male
Jacques-Louis David,Male
Jacques-Louis David,Male
Jacques-Louis David,Male
Jacques-Louis David,Male
James Abbott McNeill Whistler,Male
James Abbott McNeill Whistler,Male
James Abbott McNeill Whistler,Male
James Abbott McNeill Whistler,Male
James Abbott McNeill Whistler,Male
James Abbott McNeill Whistler,Male
James Abbott McNeill Whistler,Male
James Abbott McNeill Whistler,Male
James Abbott McNeill Whistler,Male
James Abbott McNeill Whistler,Male
James Abbott McNeill Whistler,Male
James Abbott McNeill Whistler,Male
James Ensor,Male
James Ensor,Male
James Ensor,Male
James Ensor,Male
James Ensor,Male
James Ensor,Male
James Ensor,Male
James Ensor,Male
James Ensor,Male
James Rosenquist,Male
James Rosenquist,Male
James Tissot,Male
James Tissot,Male
James Van Der Zee,Male
Jasper Johns,Male
Jasper Johns,Male
Jasper Johns,Male
Jasper Johns,Male
Jasper Johns,Male
Jasper Johns,Male
Jean (Hans) Arp,Male
Jean (Hans) Arp,Male
Jean (Hans) Arp,Male
Jean (Hans) Arp,Male
Jean (Hans) Arp,Male
Jean (Hans) Arp,Male
Jean (Hans) Arp,Male
Jean Auguste Dominique Ingres,Male
Jean Auguste Dominique Ingres,Male
Jean Auguste Dominique Ingres,Male
Jean Auguste Dominique Ingres,Male
Jean Auguste Dominique Ingres,Male
Jean Auguste Dominique Ingres,Male
Jean Auguste Dominique Ingres,Male
Jean Auguste Dominique Ingres,Male
Jean Auguste Dominique Ingres,Male
Jean Auguste Dominique Ingres,Male
Jean Auguste Dominique Ingres,Male
Jean Auguste Dominique Ingres,Male
Jean Auguste Dominique Ingres,Male
Jean Auguste Dominique Ingres,Male
Jean Auguste Dominique Ingres,Male
Jean Auguste Dominique Ingres,Male
Jean Baptiste Camille Corot,Male
Jean Baptiste Camille Corot,Male
Jean Baptiste Camille Corot,Male
Jean Baptiste Camille Corot,Male
Jean Baptiste Camille Corot,Male
Jean Baptiste Camille Corot,Male
Jean Baptiste Camille Corot,Male
Jean Baptiste Camille Corot,Male
Jean Baptiste Camille Corot,Male
Jean Baptiste Greuze,Male
Jean Baptiste Greuze,Male
Jean Baptiste Greuze,Male
Jean Baptiste Greuze,Male
Jean Baptiste Greuze,Male
Jean Baptiste Greuze,Male
Jean Baptiste Greuze,Male
Jean Baptiste Greuze,Male
Jean Baptiste Greuze,Male
Jean Baptiste Greuze,Male
Jean Baptiste Greuze,Male
Jean Baptiste Greuze,Male
Jean Baptiste Greuze,Male
Jean Dubuffet,Male
Jean Dubuffet,Male
Jean Dubuffet,Male
Jean Dubuffet,Male
Jean Dubuffet,Male
Jean Dubuffet,Male
Jean Dubuffet,Male
Jean Dubuffet,Male
Jean Dubuffet,Male
Jean Dubuffet,Male
Jean François Millet,Male
Jean François Millet,Male
Jean François Millet,Male
Jean François Millet,Male
Jean François Millet,Male
Jean François Millet,Male
Jean François Millet,Male
Jean François Millet,Male
Jean François Millet,Male
Jean François Millet,Male
Jean François Millet,Male
Jean François Millet,Male
Jean François Millet,Male
Jean François Millet,Male
Jean François Millet,Male
Jean Honoré Fragonard,Male
Jean Honoré Fragonard,Male
Jean Honoré Fragonard,Male
Jean Honoré Fragonard,Male
Jean Honoré Fragonard,Male
Jean Honoré Fragonard,Male
Jean Honoré Fragonard,Male
Jean Honoré Fragonard,Male
Jean Honoré Fragonard,Male
Jean Honoré Fragonard,Male
Jean Honoré Fragonard,Male
Jean Honoré Fragonard,Male
Jean Louis Ernest Meissonier,Male
Jean-Baptiste Chardin,Male
Jean-Baptiste Chardin,Male
Jean-Léon Gérôme,Male
Jean-Léon Gérôme,Male
Jean-Léon Gérôme,Male
Jean-Léon Gérôme,Male
Jean-Léon Gérôme,Male
Jean-Léon Gérôme,Male
Jean-Michel Basquiat,Male
Jean-Michel Basquiat,Male
Jean-Michel Basquiat,Male
Jenny Saville,Female
Jenny Saville,Female
Jenny Saville,Female
Joan Miró,Male
Joan Miró,Male
Joan Miró,Male
Joan Miró,Male
Joan Miró,Male
Joan Miró,Male
Joan Miró,Male
Joan Miró,Male
Joan Miró,Male
Joan Miró,Male
Joan Miró,Male
Joan Miró,Male
Joan Miró,Male
Joan Miró,Male
Joan Mitchell,Female
Joan Mitchell,Female
Joanne Leonard,Female
Johann Zoffany,Male
John Constable,Male
John Constable,Male
John Constable,Male
John Constable,Male
John Constable,Male
John Constable,Male
John Constable,Male
John Constable,Male
John Constable,Male
John Constable,Male
John Constable,Male
John Constable,Male
John Constable,Male
John Constable,Male
John Constable,Male
John Constable,Male
John Everett Millais,Male
John Everett Millais,Male
John Everett Millais,Male
John Everett Millais,Male
John Everett Millais,Male
John Everett Millais,Male
John Everett Millais,Male
John Everett Millais,Male
John Everett Millais,Male
John Everett Millais,Male
John Flaxman,Male
John Flaxman,Male
John Flaxman,Male
John H. Twachtman,Male
John James Audubon,Male
John Marin,Male
John Marin,Male
John Singer Sargent,Male
John Singer Sargent,Male
John Singer Sargent,Male
John Singer Sargent,Male
John Singer Sargent,Male
John Singer Sargent,Male
John Singer Sargent,Male
John Singer Sargent,Male
John Singer Sargent,Male
John Singer Sargent,Male
John Singer Sargent,Male
John Singer Sargent,Male
John Singer Sargent,Male
John Singer Sargent,Male
John Singleton Copley,Male
John Singleton Copley,Male
John Singleton Copley,Male
John Singleton Copley,Male
John Singleton Copley,Male
John Singleton Copley,Male
John Singleton Copley,Male
John Singleton Copley,Male
John Singleton Copley,Male
John Singleton Copley,Male
John Singleton Copley,Male
John Sloan,Male
John Sloan,Male
John Sloan,Male
John Sloan,Male
John Sloan,Male
John Sloan,Male
John Sloan,Male
John Sloan,Male
John Smibert,Male
José Clemente Orozco,Male
José Clemente Orozco,Male
José Clemente Orozco,Male
José Clemente Orozco,Male
José Clemente Orozco,Male
José Clemente Orozco,Male
José Clemente Orozco,Male
José Clemente Orozco,Male
José Clemente Orozco,Male
José Clemente Orozco,Male
José Clemente Orozco,Male
José Clemente Orozco,Male
José Guadalupe Posada,Male
José Guadalupe Posada,Male
José María Velasco,Male
José Sabogal,Male
Josef Albers,Male
Josef Albers,Male
Joseph Mallord William Turner,Male
Joseph Mallord William Turner,Male
Joseph Mallord William Turner,Male
Joseph Mallord William Turner,Male
Joseph Mallord William Turner,Male
Joseph Mallord William Turner,Male
Joseph Mallord William Turner,Male
Joseph Mallord William Turner,Male
Joseph Mallord William Turner,Male
Joseph Mallord William Turner,Male
Joseph Mallord William Turner,Male
Joseph Mallord William Turner,Male
Joseph Mallord William Turner,Male
Joseph Mallord William Turner,Male
Joseph Mallord William Turner,Male
Joseph Mallord William Turner,Male
Joseph Pickett,Male
Joseph Pickett,Male
Joseph Stella,Male
Joseph Wright of Derby,Male
Joseph Wright of Derby,Male
Joseph Wright of Derby,Male
Joseph Wright of Derby,Male
Joseph Wright of Derby,Male
Joseph Wright of Derby,Male
Joseph Wright of Derby,Male
Joseph Wright of Derby,Male
Joshua Reynolds,Male
Joshua Reynolds,Male
Joshua Reynolds,Male
Josiah Johnson Hawes,Male
Josiah Johnson Hawes,Male
Albert Sands Southworth,Male
Josiah Johnson Hawes,Male
Albert Sands Southworth,Male
Josiah Johnson Hawes,Male
Albert Sands Southworth,Male
Josiah Johnson Hawes,Male
Albert Sands Southworth,Male
Josiah Johnson Hawes,Male
Albert Sands Southworth,Male
Josiah Johnson Hawes,Male
Albert Sands Southworth,Male
Josiah Johnson Hawes,Male
Albert Sands Southworth,Male
Josiah Johnson Hawes,Male
Albert Sands Southworth,Male
Jules Bastien-Lepage,Male
Jules Bastien-Lepage,Male
Jules Bastien-Lepage,Male
Julia Codesido,Female
Julia Margaret Cameron,Female
Julia Margaret Cameron,Female
Julia Margaret Cameron,Female
Julia Margaret Cameron,Female
Julia Margaret Cameron,Female
Julia Margaret Cameron,Female
Julian Schnabel,Male
Julian Schnabel,Male
Julian Schnabel,Male
Julian Schnabel,Male
Julian Schnabel,Male
Julian Schnabel,Male
Julian Schnabel,Male
Kamol Tassananchalee,Male
Kano Hogai,Male
Kano Hogai,Male
Kano Hogai,Male
Karl Bodmer,Male
Karl Bodmer,Male
Karl Bodmer,Male
Karl Bodmer,Male
Karl Bodmer,Male
Karl Bodmer,Male
Karl Bodmer,Male
Käthe Kollwitz,Female
Käthe Kollwitz,Female
Käthe Kollwitz,Female
Käthe Kollwitz,Female
Käthe Kollwitz,Female
Käthe Kollwitz,Female
Käthe Kollwitz,Female
Käthe Kollwitz,Female
Käthe Kollwitz,Female
Käthe Kollwitz,Female
Käthe Kollwitz,Female
Käthe Kollwitz,Female
Katsushika Hokusai,Male
Katsushika Hokusai,Male
Katsushika Hokusai,Male
Katsushika Hokusai,Male
Katsushika Hokusai,Male
Katsushika Hokusai,Male
Kazimir Malevich,Male
Kazimir Malevich,Male
Kazimir Malevich,Male
Kazimir Malevich,Male
Kazimir Malevich,Male
Kazimir Malevich,Male
Kazimir Malevich,Male
Kazimir Malevich,Male
Kazimir Malevich,Male
Kazimir Malevich,Male
Kazimir Malevich,Male
Kazimir Malevich,Male
Kehinde Wiley,Male
Kehinde Wiley,Male
Kehinde Wiley,Male
Kerry James Marshall,Male
Kurt Schwitters,Male
Kurt Schwitters,Male
Kurt Schwitters,Male
Kurt Schwitters,Male
Kurt Schwitters,Male
Kurt Schwitters,Male
Kurt Schwitters,Male
Kurt Schwitters,Male
Kurt Schwitters,Male
Kurt Schwitters,Male
Kurt Schwitters,Male
Kurt Schwitters,Male
Kurt Schwitters,Male
László Moholy-Nagy,Male
László Moholy-Nagy,Male
Leon Golub,Male
Leon Golub,Male
Leon Golub,Male
Leon Golub,Male
Leon Golub,Male
Leon Golub,Male
Leon Golub,Male
Leon Golub,Male
Leon Golub,Male
Lewis Wickes Hine,Male
Lorna Simpson,Female
Lorna Simpson,Female
Lorna Simpson,Female
Louis-Jacques-Mandé Daguerre,Male
Louis-Jacques-Mandé Daguerre,Male
Louis-Jacques-Mandé Daguerre,Male
Louis-Jacques-Mandé Daguerre,Male
Louis-Jacques-Mandé Daguerre,Male
Louis-Jacques-Mandé Daguerre,Male
Louis-Jacques-Mandé Daguerre,Male
Louis-Jacques-Mandé Daguerre,Male
Louis-Jacques-Mandé Daguerre,Male
Louis-Jacques-Mandé Daguerre,Male
Lucian Freud,Male
Lucian Freud,Male
Lucian Freud,Male
Man Ray,Male
Marc Chagall,Male
Marc Chagall,Male
Marc Chagall,Male
Marc Chagall,Male
Marc Chagall,Male
Marc Chagall,Male
Marc Chagall,Male
Marcel Duchamp,Male
Marcel Duchamp,Male
Marcel Duchamp,Male
Marcel Duchamp,Male
Marcel Duchamp,Male
Marcel Duchamp,Male
Marcel Duchamp,Male
Marcel Duchamp,Male
Marcel Duchamp,Male
Marcel Duchamp,Male
Marcel Duchamp,Male
Marcel Duchamp,Male
Margaret Bourke-White,Female
Margaret Bourke-White,Female
Margaret Bourke-White,Female
Mario Carreño,Male
Mark Rothko,Male
Mark Rothko,Male
Mark Rothko,Male
Mark Rothko,Male
Mark Rothko,Male
Mark Rothko,Male
Mark Rothko,Male
Mark Rothko,Male
Mark Rothko,Male
Mark Rothko,Male
Mark Rothko,Male
Mark Tansey,Male
Mark Tansey,Male
Mark Tansey,Male
Mark Tansey,Male
Mark Tansey,Male
Mark Tansey,Male
Marsden Hartley,Male
Marsden Hartley,Male
Marsden Hartley,Male
Marsden Hartley,Male
Marsden Hartley,Male
Martha Rosler,Female
Martha Rosler,Female
Maruyama Okyo,Male
Maruyama Okyo,Male
Mary Cassatt,Female
Mary Cassatt,Female
Mary Cassatt,Female
Mary Cassatt,Female
Mary Cassatt,Female
Mary Cassatt,Female
Mary Cassatt,Female
Mary Cassatt,Female
Mary Cassatt,Female
Mary Cassatt,Female
Mawalan Marika,Male
Max Beckmann,Male
Max Beckmann,Male
Max Beckmann,Male
Max Beckmann,Male
Max Beckmann,Male
Max Beckmann,Male
Max Beckmann,Male
Max Beckmann,Male
Max Beckmann,Male
Max Beckmann,Male
Max Beckmann,Male
Max Beckmann,Male
Max Beckmann,Male
Max Ernst,Male
Max Ernst,Male
Max Ernst,Male
Max Ernst,Male
Max Ernst,Male
Max Ernst,Male
Max Ernst,Male
Max Ernst,Male
Max Ernst,Male
Max Ernst,Male
Max Ernst,Male
Mele Sitani,Female
Mele Sitani,Female
Mele Sitani,Female
Mele Sitani,Female
Mele Sitani,Female
Mele Sitani,Female
Minor White,Male
Minor White,Male
Minor White,Male
Miriam Schapiro,Female
Miriam Schapiro,Female
Miriam Schapiro,Female
Miriam Schapiro,Female
Miriam Schapiro,Female
Miriam Schapiro,Female
Miriam Schapiro,Female
Miriam Schapiro,Female
Morris Louis,Male
Morris Louis,Male
Morris Louis,Male
Morris Louis,Male
Morris Louis,Male
Morris Louis,Male
Morris Louis,Male
Nadar,Male
Nadar,Male
Nadar,Male
Nadar,Male
Nadar,Male
Nadar,Male
Nadar,Male
Nadar,Male
Nadar,Male
Neil Welliver,Male
Neil Welliver,Male
Nicolas de Stael,Male
Nicolas de Stael,Male
Odilon Redon,Male
Odilon Redon,Male
Odilon Redon,Male
Odilon Redon,Male
Odilon Redon,Male
Odilon Redon,Male
Odilon Redon,Male
Odilon Redon,Male
Odilon Redon,Male
Odilon Redon,Male
Odilon Redon,Male
Oscar Gustave Rejlander,Male
Oskar Kokoschka,Male
Oskar Kokoschka,Male
Oskar Kokoschka,Male
Oskar Kokoschka,Male
Otto Dix,Male
Otto Dix,Male
Otto Dix,Male
Otto Dix,Male
Otto Dix,Male
Otto Dix,Male
Pablo Picasso,Male
Pablo Picasso,Male
Pablo Picasso,Male
Pablo Picasso,Male
Pablo Picasso,Male
Pablo Picasso,Male
Pablo Picasso,Male
Pablo Picasso,Male
Pablo Picasso,Male
Pablo Picasso,Male
Pablo Picasso,Male
Pablo Picasso,Male
Pablo Picasso,Male
Pablo Picasso,Male
Pablo Picasso,Male
Pablo Picasso,Male
Paul Cézanne,Male
Paul Cézanne,Male
Paul Cézanne,Male
Paul Cézanne,Male
Paul Cézanne,Male
Paul Cézanne,Male
Paul Cézanne,Male
Paul Cézanne,Male
Paul Cézanne,Male
Paul Cézanne,Male
Paul Cézanne,Male
Paul Cézanne,Male
Paul Cézanne,Male
Paul Cézanne,Male
Paul Cézanne,Male
Paul Cézanne,Male
Paul Delaroche,Male
Paul Gauguin,Male
Paul Gauguin,Male
Paul Gauguin,Male
Paul Gauguin,Male
Paul Gauguin,Male
Paul Gauguin,Male
Paul Gauguin,Male
Paul Gauguin,Male
Paul Gauguin,Male
Paul Gauguin,Male
Paul Gauguin,Male
Paul Gauguin,Male
Paul Gauguin,Male
Paul Gauguin,Male
Paul Gauguin,Male
Paul Gauguin,Male
Paul Klee,Male
Paul Klee,Male
Paul Klee,Male
Paul Klee,Male
Paul Klee,Male
Paul Klee,Male
Paul Klee,Male
Paul Klee,Male
Paul Klee,Male
Paul Klee,Male
Paul Klee,Male
Paul Klee,Male
Paul Klee,Male
Pedro Figari,Male
Peter Henry Emerson,Male
Peter Henry Emerson,Male
Philip Pearlstein,Male
Philipp Otto Runge,Male
Philipp Otto Runge,Male
Philipp Otto Runge,Male
Philipp Otto Runge,Male
Pierre Puvis de Chavannes,Male
Pierre Puvis de Chavannes,Male
Pierre Puvis de Chavannes,Male
Pierre Puvis de Chavannes,Male
Pierre Puvis de Chavannes,Male
Pierre Puvis de Chavannes,Male
Pierre Puvis de Chavannes,Male
Pierre Puvis de Chavannes,Male
Pierre Puvis de Chavannes,Male
Pierre Puvis de Chavannes,Male
Pierre Puvis de Chavannes,Male
Piet Mondrian,Male
Piet Mondrian,Male
Piet Mondrian,Male
Piet Mondrian,Male
Piet Mondrian,Male
Piet Mondrian,Male
Piet Mondrian,Male
Piet Mondrian,Male
Piet Mondrian,Male
Piet Mondrian,Male
Piet Mondrian,Male
Piet Mondrian,Male
Piet Mondrian,Male
Piet Mondrian,Male
Pompeo Batoni,Male
Pompeo Batoni,Male
Quentin de la Tour,Male
Quentin de la Tour,Male
Quentin de la Tour,Male
Quentin de la Tour,Male
Quentin de la Tour,Male
René Magritte,Male
René Magritte,Male
René Magritte,Male
René Magritte,Male
René Magritte,Male
René Magritte,Male
René Magritte,Male
Richard Diebenkorn,Male
Richard Estes,Male
Richard Estes,Male
Richard Estes,Male
Richard Estes,Male
Richard Hamilton,Male
Richard Hamilton,Male
Richard Hamilton,Male
Richard Hamilton,Male
Richard Hamilton,Male
Richard Hamilton,Male
Richard Hamilton,Male
Richard Hamilton,Male
Richard Hamilton,Male
Richard Hamilton,Male
Richard Hamilton,Male
Robert Delaunay,Male
Robert Delaunay,Male
Robert Delaunay,Male
Robert Delaunay,Male
Robert Delaunay,Male
Robert Delaunay,Male
Robert Delaunay,Male
Robert Frank,Male
Robert Frank,Male
Robert Mapplethorpe,Male
Robert Mapplethorpe,Male
Robert Mapplethorpe,Male
Robert Rauschenberg,Male
Robert Rauschenberg,Male
Rosa Bonheur,Female
Rosa Bonheur,Female
Rosa Bonheur,Female
Rosa Bonheur,Female
Rosa Bonheur,Female
Rosa Bonheur,Female
Rosa Bonheur,Female
Rosa Bonheur,Female
Rosa Bonheur,Female
Rosa Bonheur,Female
Roy Lichtenstein,Male
Roy Lichtenstein,Male
Roy Lichtenstein,Male
Roy Lichtenstein,Male
Roy Lichtenstein,Male
Roy Lichtenstein,Male
Roy Lichtenstein,Male
Roy Lichtenstein,Male
Roy Lichtenstein,Male
Roy Lichtenstein,Male
Roy Lichtenstein,Male
Salvador Dalí,Male
Salvador Dalí,Male
Salvador Dalí,Male
Salvador Dalí,Male
Salvador Dalí,Male
Salvador Dalí,Male
Salvador Dalí,Male
Salvador Dalí,Male
Salvador Dalí,Male
Salvador Dalí,Male
Salvador Dalí,Male
Salvador Dalí,Male
Salvador Dalí,Male
Salvador Dalí,Male
Sam Gilliam,Male
Samuel Finley Breese Morse,Male
Samuel Finley Breese Morse,Male
Samuel Finley Breese Morse,Male
Sandro Chia,Male
Shahzia Sikander,Female
Shahzia Sikander,Female
Shahzia Sikander,Female
Sherrie Levine,Female
Shirin Neshat,Female
Shirin Neshat,Female
Shirin Neshat,Female
Shohaku,Male
Sir Joshua Reynolds,Male
Sir Joshua Reynolds,Male
Sir Joshua Reynolds,Male
Sir Joshua Reynolds,Male
Sir Joshua Reynolds,Male
Sir Joshua Reynolds,Male
Sir Joshua Reynolds,Male
Sir Joshua Reynolds,Male
Sir Joshua Reynolds,Male
Sir Joshua Reynolds,Male
Song Su-Nam,Male
Song Su-Nam,Male
Stephanie Barron,Female
Stuart Davis,Male
Stuart Davis,Male
Stuart Davis,Male
Stuart Davis,Male
Stuart Davis,Male
Stuart Davis,Male
Stuart Davis,Male
Stuart Davis,Male
Stuart Davis,Male
Stuart Davis,Male
Stuart Davis,Male
Stuart Davis,Male
Stuart Davis,Male
Susan Rothenberg,Female
Susan Rothenberg,Female
Susan Rothenberg,Female
Suzuki Harunobu,Male
Suzuki Harunobu,Male
Suzuki Harunobu,Male
Suzuki Harunobu,Male
Suzuki Harunobu,Male
Suzuki Harunobu,Male
Suzuki Harunobu,Male
Suzuki Harunobu,Male
Suzuki Harunobu,Male
Suzuki Harunobu,Male
Suzuki Harunobu,Male
Suzuki Harunobu,Male
Suzuki Harunobu,Male
Suzuki Harunobu,Male
Sylvia Plimack Mangold,Female
Sylvia Plimack Mangold,Female
Takahashi Yuichi,Male
Takahashi Yuichi,Male
Takahashi Yuichi,Male
Takahashi Yuichi,Male
Takahashi Yuichi,Male
Takahashi Yuichi,Male
Théodore Chassériau,Male
Théodore Chassériau,Male
Théodore Géricault,Male
Théodore Géricault,Male
Théodore Géricault,Male
Théodore Géricault,Male
Théodore Géricault,Male
Théodore Géricault,Male
Théodore Géricault,Male
Théodore Géricault,Male
Théodore Géricault,Male
Théodore Géricault,Male
Théodore Géricault,Male
Théodore Géricault,Male
Théodore Géricault,Male
Thomas Benton,Male
Thomas Cole,Male
Thomas Cole,Male
Thomas Cole,Male
Thomas Cole,Male
Thomas Cole,Male
Thomas Cole,Male
Thomas Cole,Male
Thomas Cole,Male
Thomas Cole,Male
Thomas Cole,Male
Thomas Couture,Male
Thomas Couture,Male
Thomas Couture,Male
Thomas Couture,Male
Thomas Doughty,Male
Thomas Eakins,Male
Thomas Eakins,Male
Thomas Eakins,Male
Thomas Eakins,Male
Thomas Eakins,Male
Thomas Eakins,Male
Thomas Eakins,Male
Thomas Eakins,Male
Thomas Eakins,Male
Thomas Eakins,Male
Thomas Eakins,Male
Thomas Eakins,Male
Thomas Eakins,Male
Thomas Gainsborough,Male
Thomas Gainsborough,Male
Thomas Gainsborough,Male
Thomas Gainsborough,Male
Thomas Gainsborough,Male
Thomas Gainsborough,Male
Thomas Gainsborough,Male
Thomas Gainsborough,Male
Thomas Gainsborough,Male
Thomas Gainsborough,Male
Thomas Gainsborough,Male
Thomas Gainsborough,Male
Thomas Gainsborough,Male
Thomas Gainsborough,Male
Thomas Gainsborough,Male
Thomas Gainsborough,Male
Thomas Hart Benton,Male
Thomas Hart Benton,Male
Thomas Hart Benton,Male
Thomas Hart Benton,Male
Thomas Hart Benton,Male
Thomas Hart Benton,Male
Timothy O'Sullivan,Male
Timothy O'Sullivan,Male
Timothy O'Sullivan,Male
Timothy O'Sullivan,Male
Timothy O'Sullivan,Male
Timothy O'Sullivan,Male
Tom Thomson,Male
Tonita Peña (Quah Ah),Male
Tonita Peña (Quah Ah),Male
Torii Kiyonaga,Male
Torii Kiyonaga,Male
Torii Kiyonaga,Male
Torii Kiyonaga,Male
Toshusai Sharaku,Male
Trigo Piula,Male
Trigo Piula,Male
Trigo Piula,Male
Trigo Piula,Male
Trigo Piula,Male
Victor Vasarely,Male
Victor Vasarely,Male
Vincent Van Gogh,Male
Vincent Van Gogh,Male
Vincent Van Gogh,Male
Vincent Van Gogh,Male
Vincent Van Gogh,Male
Vincent Van Gogh,Male
Vincent Van Gogh,Male
Vincent Van Gogh,Male
Vincent Van Gogh,Male
Vincent Van Gogh,Male
Vincent Van Gogh,Male
Vincent Van Gogh,Male
Vincent Van Gogh,Male
Vincent Van Gogh,Male
Vincent Van Gogh,Male
Walker Evans,Male
Wassily Kandinsky,Male
Wassily Kandinsky,Male
Wassily Kandinsky,Male
Wassily Kandinsky,Male
Wassily Kandinsky,Male
Wassily Kandinsky,Male
Wassily Kandinsky,Male
Wassily Kandinsky,Male
Wassily Kandinsky,Male
Wassily Kandinsky,Male
Wassily Kandinsky,Male
Wassily Kandinsky,Male
Wassily Kandinsky,Male
Wassily Kandinsky,Male
Wifredo Lam,Male
Wifredo Lam,Male
Wilhelm Leibl,Male
Wilhelm Leibl,Male
Wilhelm Leibl,Male
Wilhelm Leibl,Male
Wilhelm Leibl,Male
Wilhelm Leibl,Male
Wilhelm Leibl,Male
Wilhelm Leibl,Male
Wilhelm Leibl,Male
Willem de Kooning,Male
Willem de Kooning,Male
Willem de Kooning,Male
Willem de Kooning,Male
Willem de Kooning,Male
Willem de Kooning,Male
Willem de Kooning,Male
Willem de Kooning,Male
Willem de Kooning,Male
Willem de Kooning,Male
Willem de Kooning,Male
William Blake,Male
William Blake,Male
William Blake,Male
William Blake,Male
William Blake,Male
William Blake,Male
William Blake,Male
William Blake,Male
William Blake,Male
William Blake,Male
William Blake,Male
William Blake,Male
William Blake,Male
William Henry Fox Talbot,Male
William Henry Fox Talbot,Male
William Hogarth,Male
William Hogarth,Male
William Hogarth,Male
William Hogarth,Male
William Hunter,Male
William Hunter,Male
William Morris,Male
William Ronald,Male
Winslow Homer,Male
Winslow Homer,Male
Winslow Homer,Male
Winslow Homer,Male
Winslow Homer,Male
Winslow Homer,Male
Winslow Homer,Male
Winslow Homer,Male
Winslow Homer,Male
Winslow Homer,Male
Winslow Homer,Male
Winslow Homer,Male
Winslow Homer,Male
Wu Guanzhong,Male
Wu Guanzhong,Male
Yayoi Kusama,Female
Yayoi Kusama,Female
Yi Chae-Gwan,Male
Yokoyama Taikan,Male
Yokoyama Taikan,Male
Yokoyama Taikan,Male
Yosa Buson,Male
Yosa Buson,Male
Yosa Buson,Male
Yosa Buson,Male
Yosa Buson,Male
Yosa Buson,Male
Yosa Buson,Male
Zhang Xiaogang,Male
Zhang Xiaogang,Male
A. R. Penck,Male
A. R. Penck,Male
Aaron Siskind,Male
Aaron Siskind,Male
Aaron Siskind,Male
Aaron Siskind,Male
Adolph Gottlieb,Male
Adolph Gottlieb,Male
Adolphe William Bouguereau,Male
Adolphe William Bouguereau,Male
Albert Bierstadt,Male
Albert Pinkham Ryder,Male
Albert Pinkham Ryder,Male
Albert Renger-Patzsch,Male
Albert Renger-Patzsch,Male
Albert Renger-Patzsch,Male
Albert Renger-Patzsch,Male
Alexander Cozens,Male
Alexander Cozens,Male
Alexander Cozens,Male
Alexander Cozens,Male
Alexander Cozens,Male
Alexander Gardner,Male
Alexander Gardner,Male
Alexander Gardner,Male
Alexander Gardner,Male
Alexander Rodchenko,Male
Alexander Rodchenko,Male
Alfred Stieglitz,Male
Alfred Stieglitz,Male
Alfred Stieglitz,Male
Alfred Stieglitz,Male
Alfred Stieglitz,Male
Alfred Stieglitz,Male
Ando Hiroshige,Male
Ando Hiroshige,Male
André Derain,Male
André Derain,Male
André Kertész,Male
André Kertész,Male
André Kertész,Male
André Kertész,Male
André Masson,Male
Andy Warhol,Male
Andy Warhol,Male
Andy Warhol,Male
Andy Warhol,Male
Andy Warhol,Male
Angelica Kauffmann,Female
Angelica Kauffmann,Female
Angelica Kauffmann,Female
Angelica Kauffmann,Female
Angelica Kauffmann,Female
Anne Louis Girodet Trioson,Male
Anne Louis Girodet Trioson,Male
Anne Louis Girodet Trioson,Male
Anne Louis Girodet Trioson,Male
Annette Lemieux,Female
Annette Lemieux,Female
Ansel Adams,Male
Ansel Adams,Male
Ansel Adams,Male
Ansel Adams,Male
Anselm Kiefer,Male
Anselm Kiefer,Male
Anselm Kiefer,Male
Anselm Kiefer,Male
Anselm Kiefer,Male
Anselm Kiefer,Male
Antoine Jean Gros,Male
Antoine Jean Gros,Male
Antoine Jean Gros,Male
Antoine Jean Gros,Male
Antoine Jean Gros,Male
Antoine Jean Gros,Male
Antoine Jean Gros,Male
Antoine Jean Gros,Male
Antoine Jean Gros,Male
Anton Raphael Mengs,Male
Anton Raphael Mengs,Male
Antonio Sant'Elia,Male
Arshile Gorky,Male
Arshile Gorky,Male
Arshile Gorky,Male
Arshile Gorky,Male
Arshile Gorky,Male
Arshile Gorky,Male
Arshile Gorky,Male
Arthur Dove,Male
Arthur Dove,Male
Arthur Dove,Male
Arthur Dove,Male
Arthur Dove,Male
Aubrey Beardsley,Male
Aubrey Beardsley,Male
Aubrey Beardsley,Male
Aubrey Beardsley,Male
Aubrey Beardsley,Male
Aubrey Beardsley,Male
Aubrey Beardsley,Male
Aubrey Beardsley,Male
Audrey Flack,Female
Audrey Flack,Female
Audrey Flack,Female
Audrey Flack,Female
August Sander,Male
August Sander,Male
August Sander,Male
August Sander,Male
Auguste Renoir,Male
Auguste Renoir,Male
Auguste Renoir,Male
Auguste Renoir,Male
Auguste Renoir,Male
Auguste Renoir,Male
Auguste Renoir,Male
Auguste Renoir,Male
Auguste Renoir,Male
Augustus Washington,Male
Augustus Washington,Male
Barbara Kruger,Female
Barbara Kruger,Female
Barbara Kruger,Female
Barbara Kruger,Female
Barnett Newman,Male
Ben Nicholson,Male
Ben Nicholson,Male
Ben Nicholson,Male
Benjamin West,Male
Benjamin West,Male
Benjamin West,Male
Benjamin West,Male
Benjamin West,Male
Benjamin West,Male
Benjamin West,Male
Benjamin West,Male
Benjamin West,Male
Berenice Abbott,Female
Berenice Abbott,Female
Berenice Abbott,Female
Berenice Abbott,Female
Berthe Morisot,Female
Berthe Morisot,Female
Berthe Morisot,Female
Berthe Morisot,Female
Berthe Morisot,Female
Berthe Morisot,Female
Bill Brandt,Male
Bill Brandt,Male
Bill Brandt,Male
Brassaï,Male
Brassaï,Male
Brassaï,Male
Brassaï,Male
Camille Pissarro,Male
Camille Pissarro,Male
Camille Pissarro,Male
Camille Pissarro,Male
Carleton Watkins,Male
Carleton Watkins,Male
Caspar David Friedrich,Male
Caspar David Friedrich,Male
Caspar David Friedrich,Male
Caspar David Friedrich,Male
Caspar David Friedrich,Male
Caspar David Friedrich,Male
Caspar David Friedrich,Male
Caspar David Friedrich,Male
Caspar David Friedrich,Male
Chaïm Soutine,Male
Chaïm Soutine,Male
Chaïm Soutine,Male
Chaïm Soutine,Male
Charles Demuth,Male
Charles Demuth,Male
Charles Demuth,Male
Charles Demuth,Male
Charles Demuth,Male
Charles Demuth,Male
Charles Demuth,Male
Charles Demuth,Male
Charles Demuth,Male
Cindy Sherman,Female
Cindy Sherman,Female
Cindy Sherman,Female
Cindy Sherman,Female
Claude Monet,Male
Claude Monet,Male
Claude Monet,Male
Claude Monet,Male
Claude Monet,Male
Claude Monet,Male
Claude Monet,Male
Claude Monet,Male
Claude Monet,Male
Dante Gabriel Rossetti,Male
Dante Gabriel Rossetti,Male
Dante Gabriel Rossetti,Male
Dante Gabriel Rossetti,Male
Dante Gabriel Rossetti,Male
Dante Gabriel Rossetti,Male
Dante Gabriel Rossetti,Male
Dante Gabriel Rossetti,Male
David Hockney,Male
David Hockney,Male
David Hockney,Male
David Hockney,Male
David Salle,Male
David Wojnarowicz,Male
David Wojnarowicz,Male
Diego Rivera,Male
Diego Rivera,Male
Don Eddy,Male
Don Eddy,Male
Don Eddy,Male
Don Eddy,Male
Dorothea Lange,Female
Dorothea Lange,Female
Dorothea Lange,Female
Dorothea Lange,Female
Dorothea Lange,Female
Dorothea Lange,Female
Eadweard Muybridge,Male
Eadweard Muybridge,Male
Eadweard Muybridge,Male
Eadweard Muybridge,Male
Eadweard Muybridge,Male
Eadweard Muybridge,Male
Ed Ruscha,Male
Edgar Degas,Male
Edgar Degas,Male
Edgar Degas,Male
Edgar Degas,Male
Edgar Degas,Male
Edgar Degas,Male
Edgar Degas,Male
Edgar Degas,Male
Edgar Degas,Male
Édouard Manet,Male
Édouard Manet,Male
Édouard Manet,Male
Édouard Manet,Male
Édouard Manet,Male
Édouard Manet,Male
Édouard Manet,Male
Édouard Manet,Male
Édouard Manet,Male
Édouard Vuillard,Male
Édouard Vuillard,Male
Édouard Vuillard,Male
Édouard Vuillard,Male
Édouard Vuillard,Male
Édouard Vuillard,Male
Édouard Vuillard,Male
Édouard Vuillard,Male
Edvard Munch,Male
Edvard Munch,Male
Edvard Munch,Male
Edvard Munch,Male
Edvard Munch,Male
Edvard Munch,Male
Edvard Munch,Male
Edvard Munch,Male
Edvard Munch,Male
Edward Burne-Jones,Male
Edward Burne-Jones,Male
Edward Burne-Jones,Male
Edward Hopper,Male
Edward Hopper,Male
Edward Hopper,Male
Edward Hopper,Male
Edward Hopper,Male
Edward Hopper,Male
Edward Hopper,Male
Edward Steichen,Male
Edward Steichen,Male
Edward Steichen,Male
Edward Steichen,Male
Edward Steichen,Male
Edward Steichen,Male
Edward Weston,Male
Edward Weston,Male
Edward Weston,Male
Edward Weston,Male
Edward Weston,Male
Edward Weston,Male
Egon Schiele,Male
Egon Schiele,Male
Élisabeth Louise Vigée-Lebrun,Female
Elizabeth Murray,Female
Elizabeth Murray,Female
Elizabeth Murray,Female
Elizabeth Murray,Female
Elizabeth Murray,Female
Ellsworth Kelly,Male
Ellsworth Kelly,Male
Ellsworth Kelly,Male
Ellsworth Kelly,Male
Ellsworth Kelly,Male
Emil Nolde,Male
Emil Nolde,Male
Emil Nolde,Male
Emil Nolde,Male
Emil Nolde,Male
Emil Nolde,Male
Emil Nolde,Male
Emil Nolde,Male
Emil Nolde,Male
Erich Heckel,Male
Erich Heckel,Male
Erich Heckel,Male
Erich Heckel,Male
Ernst Ludwig Kirchner,Male
Ernst Ludwig Kirchner,Male
Ernst Ludwig Kirchner,Male
Ernst Ludwig Kirchner,Male
Ernst Ludwig Kirchner,Male
Ernst Ludwig Kirchner,Male
Ernst Ludwig Kirchner,Male
Ernst Ludwig Kirchner,Male
Ernst Ludwig Kirchner,Male
Étienne-Jules Marey,Male
Étienne-Jules Marey,Male
Étienne-Jules Marey,Male
Étienne-Jules Marey,Male
Étienne-Jules Marey,Male
Étienne-Jules Marey,Male
Eugène Atget,Male
Eugène Atget,Male
Eugène Atget,Male
Eugène Atget,Male
Eugène Atget,Male
Eugène Delacroix,Male
Eugène Delacroix,Male
Eugène Delacroix,Male
Eugène Delacroix,Male
Eugène Delacroix,Male
Eugène Delacroix,Male
Eugène Delacroix,Male
Eugène Delacroix,Male
Eugène Delacroix,Male
Fernand Léger,Male
Fernand Léger,Male
Fernand Léger,Male
Fernand Léger,Male
Fernand Léger,Male
Fernand Léger,Male
Fernand Léger,Male
Fernand Léger,Male
Fernand Léger,Male
Ford Madox Brown,Male
Ford Madox Brown,Male
Ford Madox Brown,Male
Ford Madox Brown,Male
Ford Madox Brown,Male
Ford Madox Brown,Male
Ford Madox Brown,Male
Francesco Clemente,Male
Francesco Clemente,Male
Francesco Clemente,Male
Francesco Clemente,Male
Francis Bacon,Male
Francis Bacon,Male
Francis Bacon,Male
Francis Bacon,Male
Francis Bacon,Male
Francis Bacon,Male
Francis Bacon,Male
Francisco Goya,Male
Francisco Goya,Male
Francisco Goya,Male
Francisco Goya,Male
Francisco Goya,Male
Francisco Goya,Male
Francisco Goya,Male
Francisco Goya,Male
Francisco Goya,Male
François Xavier Vispré,Male
Frank Stella,Male
Frank Stella,Male
Frank Stella,Male
Frank Stella,Male
Frank Stella,Male
Frank Stella,Male
Frank Stella,Male
Frantisek Kupka,Male
Franz Marc,Male
Franz Marc,Male
Franz Marc,Male
Franz Marc,Male
Frederic Edwin Church,Male
Frida Kahlo,Female
Frida Kahlo,Female
Frida Kahlo,Female
Frida Kahlo,Female
Friedrich Overbeck,Male
Friedrich Overbeck,Male
Gavin Hamilton,Male
Gavin Hamilton,Male
George Bellows,Male
George Bellows,Male
George Bellows,Male
George Bellows,Male
George Bellows,Male
George Caleb Bingham,Male
George Caleb Bingham,Male
George Caleb Bingham,Male
George Caleb Bingham,Male
George Caleb Bingham,Male
George Caleb Bingham,Male
George Caleb Bingham,Male
George Grosz,Male
George Grosz,Male
George Grosz,Male
George Grosz,Male
George Grosz,Male
George Grosz,Male
George Grosz,Male
George Grosz,Male
George Grosz,Male
George Inness,Male
George Inness,Male
George Inness,Male
George Stubbs,Male
George Stubbs,Male
George Stubbs,Male
George Stubbs,Male
George Stubbs,Male
George Stubbs,Male
George Stubbs,Male
George Stubbs,Male
George Stubbs,Male
Georges Braque,Male
Georges Braque,Male
Georges Braque,Male
Georges Braque,Male
Georges Braque,Male
Georges Braque,Male
Georges Braque,Male
Georges Braque,Male
Georges Braque,Male
Georges Rouault,Male
Georges Rouault,Male
Georges Rouault,Male
Georges Rouault,Male
Georges Rouault,Male
Georges Rouault,Male
Georges Rouault,Male
Georges Seurat,Male
Georges Seurat,Male
Georges Seurat,Male
Georges Seurat,Male
Georges Seurat,Male
Georges Seurat,Male
Georges Seurat,Male
Georges Seurat,Male
Georges Seurat,Male
Georgia O'Keeffe,Female
Georgia O'Keeffe,Female
Georgia O'Keeffe,Female
Georgia O'Keeffe,Female
Georgia O'Keeffe,Female
Georgia O'Keeffe,Female
Gertrude Käsebier,Female
Gertrude Käsebier,Female
Gertrude Käsebier,Female
Gertrude Käsebier,Female
Gertrude Käsebier,Female
Gertrude Käsebier,Female
Giorgio de Chirico,Male
Giorgio de Chirico,Male
Giorgio de Chirico,Male
Giorgio de Chirico,Male
Giorgio de Chirico,Male
Giorgio de Chirico,Male
Giorgio de Chirico,Male
Giorgio de Chirico,Male
Giorgio de Chirico,Male
Giovanni Battista Piranesi,Male
Giovanni Battista Piranesi,Male
Grandville,Male
Grant Wood,Male
Grant Wood,Male
Gustav Klimt,Male
Gustav Klimt,Male
Gustav Klimt,Male
Gustav Klimt,Male
Gustav Klimt,Male
Gustav Klimt,Male
Gustave Courbet,Male
Gustave Courbet,Male
Gustave Courbet,Male
Gustave Courbet,Male
Gustave Courbet,Male
Gustave Courbet,Male
Gustave Courbet,Male
Gustave Courbet,Male
Gustave Courbet,Male
Gustave Le Gray,Male
Gustave Le Gray,Male
Gustave Moreau,Male
Gustave Moreau,Male
Gustave Moreau,Male
Gustave Moreau,Male
Gustave Moreau,Male
Gustave Moreau,Male
Gustave Moreau,Male
Gustave Moreau,Male
Hannah Höch,Female
Hannah Höch,Female
Helen Frankenthaler,Female
Helen Frankenthaler,Female
Helen Frankenthaler,Female
Helen Frankenthaler,Female
Helen Frankenthaler,Female
Helen Frankenthaler,Female
Henri Cartier-Bresson,Male
Henri Cartier-Bresson,Male
Henri Cartier-Bresson,Male
Henri Cartier-Bresson,Male
Henri Cartier-Bresson,Male
Henri Cartier-Bresson,Male
Henri de Toulouse-Lautrec,Male
Henri de Toulouse-Lautrec,Male
Henri de Toulouse-Lautrec,Male
Henri de Toulouse-Lautrec,Male
Henri de Toulouse-Lautrec,Male
Henri de Toulouse-Lautrec,Male
Henri de Toulouse-Lautrec,Male
Henri de Toulouse-Lautrec,Male
Henri de Toulouse-Lautrec,Male
Henri Lartigue,Male
Henri Matisse,Male
Henri Matisse,Male
Henri Matisse,Male
Henri Matisse,Male
Henri Matisse,Male
Henri Matisse,Male
Henri Matisse,Male
Henri Matisse,Male
Henri Matisse,Male
Henri Rousseau,Male
Henri Rousseau,Male
Henri Rousseau,Male
Henri Rousseau,Male
Henri Rousseau,Male
Henri Rousseau,Male
Henri Rousseau,Male
Henri Rousseau,Male
Henri Rousseau,Male
Henry Fuseli,Male
Henry Fuseli,Male
Henry Fuseli,Male
Henry Fuseli,Male
Henry Fuseli,Male
Henry Fuseli,Male
Henry Fuseli,Male
Henry Fuseli,Male
Henry Fuseli,Male
Henry Ossawa Tanner,Male
Henry Ossawa Tanner,Male
Henry Ossawa Tanner,Male
Henry Ossawa Tanner,Male
Henry Ossawa Tanner,Male
Henry Ossawa Tanner,Male
Henry Peach Robinson,Male
Henry Peach Robinson,Male
Henry Peach Robinson,Male
Henry Peach Robinson,Male
Herbert Bayer,Male
Herbert Bayer,Male
Herbert Bayer,Male
Herbert Bayer,Male
Honoré Daumier,Male
Honoré Daumier,Male
Honoré Daumier,Male
Honoré Daumier,Male
Honoré Daumier,Male
Honoré Daumier,Male
Honoré Daumier,Male
Honoré Daumier,Male
Honoré Daumier,Male
Jackson Pollock,Male
Jackson Pollock,Male
Jackson Pollock,Male
Jackson Pollock,Male
Jackson Pollock,Male
Jackson Pollock,Male
Jackson Pollock,Male
Jackson Pollock,Male
Jackson Pollock,Male
Jacob Lawrence,Male
Jacob Lawrence,Male
Jacob Lawrence,Male
Jacob Lawrence,Male
Jacob Riis,Male
Jacob Riis,Male
Jacob Riis,Male
Jacob Riis,Male
Jacob Riis,Male
Jacob Riis,Male
Jacques-Louis David,Male
Jacques-Louis David,Male
Jacques-Louis David,Male
Jacques-Louis David,Male
Jacques-Louis David,Male
Jacques-Louis David,Male
Jacques-Louis David,Male
Jacques-Louis David,Male
Jacques-Louis David,Male
James Abbott McNeill Whistler,Male
James Abbott McNeill Whistler,Male
James Abbott McNeill Whistler,Male
James Abbott McNeill Whistler,Male
James Abbott McNeill Whistler,Male
James Abbott McNeill Whistler,Male
James Abbott McNeill Whistler,Male
James Abbott McNeill Whistler,Male
James Abbott McNeill Whistler,Male
James Ensor,Male
James Ensor,Male
James Ensor,Male
James Ensor,Male
James Ensor,Male
James Ensor,Male
James Ensor,Male
James Ensor,Male
James Ensor,Male
James Van Der Zee,Male
James Van Der Zee,Male
James Van Der Zee,Male
James Van Der Zee,Male
Jasper Johns,Male
Jasper Johns,Male
Jasper Johns,Male
Jasper Johns,Male
Jasper Johns,Male
Jasper Johns,Male
Jasper Johns,Male
Jasper Johns,Male
Jean (Hans) Arp,Male
Jean (Hans) Arp,Male
Jean (Hans) Arp,Male
Jean (Hans) Arp,Male
Jean (Hans) Arp,Male
Jean (Hans) Arp,Male
Jean Auguste Dominique Ingres,Male
Jean Auguste Dominique Ingres,Male
Jean Auguste Dominique Ingres,Male
Jean Auguste Dominique Ingres,Male
Jean Auguste Dominique Ingres,Male
Jean Auguste Dominique Ingres,Male
Jean Auguste Dominique Ingres,Male
Jean Auguste Dominique Ingres,Male
Jean Auguste Dominique Ingres,Male
Jean Baptiste Camille Corot,Male
Jean Baptiste Camille Corot,Male
Jean Baptiste Camille Corot,Male
Jean Baptiste Camille Corot,Male
Jean Baptiste Camille Corot,Male
Jean Baptiste Camille Corot,Male
Jean Baptiste Camille Corot,Male
Jean Baptiste Camille Corot,Male
Jean Baptiste Camille Corot,Male
Jean Baptiste Greuze,Male
Jean Baptiste Greuze,Male
Jean Baptiste Greuze,Male
Jean Baptiste Greuze,Male
Jean Baptiste Greuze,Male
Jean Baptiste Greuze,Male
Jean Baptiste Greuze,Male
Jean Baptiste Greuze,Male
Jean Baptiste Greuze,Male
Jean Dubuffet,Male
Jean Dubuffet,Male
Jean Dubuffet,Male
Jean Dubuffet,Male
Jean Dubuffet,Male
Jean Dubuffet,Male
Jean Dubuffet,Male
Jean Tinguely,Male
Jean François Millet,Male
Jean François Millet,Male
Jean François Millet,Male
Jean François Millet,Male
Jean François Millet,Male
Jean François Millet,Male
Jean François Millet,Male
Jean François Millet,Male
Jean François Millet,Male
Jean-Michel Basquiat,Male
Jean-Michel Basquiat,Male
Jennifer Bartlett,Female
Jennifer Bartlett,Female
Jerry Uelsmann,Male
Jerry Uelsmann,Male
Jerry Uelsmann,Male
Jerry Uelsmann,Male
Joan Miró,Male
Joan Miró,Male
Joan Miró,Male
Joan Miró,Male
Joan Miró,Male
Joan Miró,Male
Joan Miró,Male
Joan Miró,Male
Joan Miró,Male
Joanne Leonard,Female
Joanne Leonard,Female
Joanne Leonard,Female
Joanne Leonard,Female
Johann Heinrich Wilhelm Tischbein,Male
John Cage,Male
John Constable,Male
John Constable,Male
John Constable,Male
John Constable,Male
John Constable,Male
John Constable,Male
John Constable,Male
John Constable,Male
John Constable,Male
John Cotman,Male
John Cotman,Male
John Everett Millais,Male
John Everett Millais,Male
John Heartfield,Male
John Heartfield,Male
John Heartfield,Male
John Heartfield,Male
John Heartfield,Male
John Heartfield,Male
John Singer Sargent,Male
John Singer Sargent,Male
John Singleton Copley,Male
John Singleton Copley,Male
John Singleton Copley,Male
John Singleton Copley,Male
John Singleton Copley,Male
John Singleton Copley,Male
John Singleton Copley,Male
John Thomson,Male
John Thomson,Male
José Clemente Orozco,Male
José Clemente Orozco,Male
José Clemente Orozco,Male
José Clemente Orozco,Male
José Clemente Orozco,Male
José Clemente Orozco,Male
José Clemente Orozco,Male
Josef Albers,Male
Josef Albers,Male
Josef Sudek,Male
Josef Sudek,Male
Joseph Mallord William Turner,Male
Joseph Mallord William Turner,Male
Joseph Mallord William Turner,Male
Joseph Mallord William Turner,Male
Joseph Mallord William Turner,Male
Joseph Mallord William Turner,Male
Joseph Mallord William Turner,Male
Joseph Mallord William Turner,Male
Joseph Mallord William Turner,Male
Joseph Nicéphore Niépce,Male
Joseph Nicéphore Niépce,Male
Joseph Nicéphore Niépce,Male
Joseph Nicéphore Niépce,Male
Joseph Stella,Male
Joseph Stella,Male
Joseph Stella,Male
Joseph Stella,Male
Joseph Stella,Male
Joseph Stella,Male
Joseph Stella,Male
Joseph Stella,Male
Joseph Stella,Male
Joseph Wright of Derby,Male
Joseph Wright of Derby,Male
Julia Margaret Cameron,Female
Julia Margaret Cameron,Female
Julia Margaret Cameron,Female
Julia Margaret Cameron,Female
Julia Margaret Cameron,Female
Julia Margaret Cameron,Female
Julian Schnabel,Male
Karel Appel,Male
Karel Appel,Male
Karel Appel,Male
Käthe Kollwitz,Female
Käthe Kollwitz,Female
Käthe Kollwitz,Female
Käthe Kollwitz,Female
Käthe Kollwitz,Female
Kay WalkingStick,Female
Kay WalkingStick,Female
Kazimir Malevich,Male
Kazimir Malevich,Male
Kazimir Malevich,Male
Kazimir Malevich,Male
Kazimir Malevich,Male
Kazimir Malevich,Male
Kenneth J. Butler,Male
Kenneth J. Butler,Male
Larry Rivers,Male
Larry Rivers,Male
Larry Rivers,Male
Larry Rivers' family member,Male
László Moholy-Nagy,Male
László Moholy-Nagy,Male
László Moholy-Nagy,Male
László Moholy-Nagy,Male
Lee Krasner,Female
Lee Krasner,Female
Lee Krasner,Female
Lee Krasner,Female
Leon Bakst,Male
Liubov Popova,Female
Liubov Popova,Female
Liubov Popova,Female
Liubov Popova,Female
Liubov Popova,Female
Liubov Popova,Female
Louis Lumière,Male
Louis Lumière,Male
Louis Lumière,Male
Louis Lumière,Male
Louis-Jacques-Mandé Daguerre,Male
Louis-Jacques-Mandé Daguerre,Male
Louis-Jacques-Mandé Daguerre,Male
Louis-Jacques-Mandé Daguerre,Male
Man Ray,Male
Man Ray,Male
Man Ray,Male
Man Ray,Male
Man Ray,Male
Man Ray,Male
Manuel Álvarez Bravo,Male
Manuel Álvarez Bravo,Male
Marc Chagall,Male
Marc Chagall,Male
Marc Chagall,Male
Marc Chagall,Male
Marc Chagall,Male
Marc Chagall,Male
Marc Chagall,Male
Marc Chagall,Male
Marc Chagall,Male
Marcantonio Raimondi,Male
Marcel Duchamp,Male
Marcel Duchamp,Male
Marcel Duchamp,Male
Marcel Duchamp,Male
Marcel Duchamp,Male
Marcel Duchamp,Male
Marcel Duchamp,Male
Marcel Duchamp,Male
Marcel Duchamp,Male
Margaret Bourke-White,Female
Margaret Bourke-White,Female
Margaret Bourke-White,Female
Margaret Bourke-White,Female
Margaret Bourke-White,Female
Margaret Bourke-White,Female
Mark Rothko,Male
Mark Rothko,Male
Mark Rothko,Male
Mark Rothko,Male
Mark Rothko,Male
Mark Rothko,Male
Mark Rothko,Male
Mark Tansey,Male
Mark Tansey,Male
Mark Tobey,Male
Mark Tobey,Male
Mark Tobey,Male
Marsden Hartley,Male
Marsden Hartley,Male
Marsden Hartley,Male
Marsden Hartley,Male
Marsden Hartley,Male
Mary Cassatt,Female
Mary Cassatt,Female
Mary Cassatt,Female
Mary Cassatt,Female
Mary Cassatt,Female
Mary Cassatt,Female
Max Beckmann,Male
Max Beckmann,Male
Max Beckmann,Male
Max Beckmann,Male
Max Beckmann,Male
Max Beckmann,Male
Max Beckmann,Male
Max Beckmann,Male
Max Beckmann,Male
Max Ernst,Male
Max Ernst,Male
Max Ernst,Male
Max Ernst,Male
Max Ernst,Male
Max Ernst,Male
Max Ernst,Male
Max Ernst,Male
Max Ernst,Male
Max Klinger,Male
Minor White,Male
Minor White,Male
Minor White,Male
Minor White,Male
Morris Louis,Male
Morris Louis,Male
Morris Louis,Male
Morris Louis,Male
Nadar,Male
Nadar,Male
Nadar,Male
Nadar,Male
Nadar,Male
Nadar,Male
Odilon Redon,Male
Odilon Redon,Male
Odilon Redon,Male
Odilon Redon,Male
Odilon Redon,Male
Odilon Redon,Male
Odilon Redon,Male
Odilon Redon,Male
Oscar Gustave Rejlander,Male
Oscar Gustave Rejlander,Male
Oscar Gustave Rejlander,Male
Oscar Gustave Rejlander,Male
Oskar Kokoschka,Male
Oskar Kokoschka,Male
Oskar Kokoschka,Male
Oskar Kokoschka,Male
Oskar Kokoschka,Male
Oskar Kokoschka,Male
Oskar Kokoschka,Male
Oskar Kokoschka,Male
Oskar Kokoschka,Male
Otto Dix,Male
Otto Dix,Male
Pablo Picasso,Male
Pablo Picasso,Male
Pablo Picasso,Male
Pablo Picasso,Male
Pablo Picasso,Male
Pablo Picasso,Male
Pablo Picasso,Male
Pablo Picasso,Male
Pablo Picasso,Male
Paul Cézanne,Male
Paul Cézanne,Male
Paul Cézanne,Male
Paul Cézanne,Male
Paul Cézanne,Male
Paul Cézanne,Male
Paul Cézanne,Male
Paul Cézanne,Male
Paul Cézanne,Male
Paul Gauguin,Male
Paul Gauguin,Male
Paul Gauguin,Male
Paul Gauguin,Male
Paul Gauguin,Male
Paul Gauguin,Male
Paul Gauguin,Male
Paul Gauguin,Male
Paul Gauguin,Male
Paul Jenkins,Male
Paul Jenkins,Male
Paul Jenkins,Male
Paul Jenkins,Male
Paul Klee,Male
Paul Klee,Male
Paul Klee,Male
Paul Klee,Male
Paul Klee,Male
Paul Klee,Male
Paul Klee,Male
Paul Klee,Male
Paul Klee,Male
Paul Strand,Male
Paul Strand,Male
Paula Modersohn-Becker,Female
Paula Modersohn-Becker,Female
Paula Modersohn-Becker,Female
Paula Modersohn-Becker,Female
Paula Modersohn-Becker,Female
Peter Henry Emerson,Male
Peter Henry Emerson,Male
Peter Henry Emerson,Male
Peter Henry Emerson,Male
Peter Henry Emerson,Male
Peter Henry Emerson,Male
Philipp Otto Runge,Male
Philipp Otto Runge,Male
Pierre Puvis de Chavannes,Male
Pierre Puvis de Chavannes,Male
Pierre Puvis de Chavannes,Male
Pierre Puvis de Chavannes,Male
Pierre Puvis de Chavannes,Male
Pierre-Étienne-Théodore Rousseau,Male
Pierre-Étienne-Théodore Rousseau,Male
Pierre-Étienne-Théodore Rousseau,Male
Pierre-Étienne-Théodore Rousseau,Male
Pierre-Étienne-Théodore Rousseau,Male
Piet Mondrian,Male
Piet Mondrian,Male
Piet Mondrian,Male
Piet Mondrian,Male
Piet Mondrian,Male
Piet Mondrian,Male
Piet Mondrian,Male
Piet Mondrian,Male
Piet Mondrian,Male
Pompeo Batoni,Male
Raoul Hausmann,Male
Raymond Saunders,Male
Raymond Saunders,Male
René Magritte,Male
René Magritte,Male
René Magritte,Male
René Magritte,Male
René Magritte,Male
Richard Anuszkiewicz,Male
Richard Anuszkiewicz,Male
Richard Anuszkiewicz,Male
Richard Anuszkiewicz,Male
Richard Anuszkiewicz,Male
Richard Estes,Male
Richard Estes,Male
Richard Hamilton,Male
Richard Hamilton,Male
Richard Hamilton,Male
Richard Hamilton,Male
Richard Hamilton,Male
Robert Capa,Male
Robert Capa,Male
Robert Capa,Male
Robert Capa,Male
Robert Delaunay,Male
Robert Delaunay,Male
Robert Delaunay,Male
Robert Delaunay,Male
Robert Doisneau,Male
Robert Doisneau,Male
Robert Doisneau,Male
Robert Frank,Male
Robert Frank,Male
Robert Frank,Male
Robert Frank,Male
Robert Frank,Male
Robert Frank,Male
Robert Indiana,Male
Robert Indiana,Male
Robert Indiana,Male
Robert Indiana,Male
Romare Bearden,Male
Romare Bearden,Male
Romare Bearden,Male
Romare Bearden,Male
Rosa Bonheur,Female
Rosa Bonheur,Female
Rosa Bonheur,Female
Rosa Bonheur,Female
Rosa Bonheur,Female
Rosa Bonheur,Female
Roy Lichtenstein,Male
Roy Lichtenstein,Male
Roy Lichtenstein,Male
Roy Lichtenstein,Male
Roy Lichtenstein,Male
Roy Lichtenstein,Male
Roy Lichtenstein,Male
Roy Lichtenstein,Male
Salvador Dalí,Male
Salvador Dalí,Male
Salvador Dalí,Male
Salvador Dalí,Male
Salvador Dalí,Male
Salvador Dalí,Male
Salvador Dalí,Male
Salvador Dalí,Male
Salvador Dalí,Male
Sebastiano Del Piombo,Male
Sebastiano Del Piombo,Male
Sebastiano Del Piombo,Male
Sebastiano Del Piombo,Male
Sigmar Polke,Male
Sigmar Polke,Male
Sir Joshua Reynolds,Male
Stuart Davis,Male
Stuart Davis,Male
Susan Rothenberg,Female
Susan Rothenberg,Female
Susan Rothenberg,Female
Taddeo Zuccari,Male
Taddeo Zuccari,Male
Taddeo Zuccari,Male
Taddeo Zuccari,Male
Taddeo Zuccari,Male
Taddeo Zuccari,Male
Taddeo Zuccari,Male
Théodore Géricault,Male
Théodore Géricault,Male
Théodore Géricault,Male
Théodore Géricault,Male
Théodore Géricault,Male
Théodore Géricault,Male
Théodore Géricault,Male
Théodore Géricault,Male
Théodore Géricault,Male
Thomas Cole,Male
Thomas Cole,Male
Thomas Cole,Male
Thomas Cole,Male
Thomas Cole,Male
Thomas Eakins,Male
Thomas Eakins,Male
Thomas Eakins,Male
Thomas Eakins,Male
Thomas Eakins,Male
Thomas Eakins,Male
Thomas Eakins,Male
Thomas Eakins,Male
Thomas Eakins,Male
Thomas Gainsborough,Male
Thomas Gainsborough,Male
Timothy O'Sullivan,Male
Timothy O'Sullivan,Male
Timothy O'Sullivan,Male
Timothy O'Sullivan,Male
Timothy O'Sullivan,Male
Timothy O'Sullivan,Male
Umberto Boccioni,Male
Umberto Boccioni,Male
Umberto Boccioni,Male
Umberto Boccioni,Male
Umberto Boccioni,Male
Umberto Boccioni,Male
Varvara Fedorovna Stepanova,Female
Varvara Fedorovna Stepanova,Female
Victor Vasarely,Male
Victor Vasarely,Male
Victor Vasarely,Male
Victor Vasarely,Male
Vincent Van Gogh,Male
Vincent Van Gogh,Male
Vincent Van Gogh,Male
Vincent Van Gogh,Male
Vincent Van Gogh,Male
Vincent Van Gogh,Male
Vincent Van Gogh,Male
Vincent Van Gogh,Male
Vincent Van Gogh,Male
W. Eugene Smith,Male
W. Eugene Smith,Male
W. Eugene Smith,Male
W. Eugene Smith,Male
Walker Evans,Male
Walker Evans,Male
Walter Crane,Male
Walter Crane,Male
Walter Crane,Male
Walter Crane,Male
Walter Crane,Male
Wassily Kandinsky,Male
Wassily Kandinsky,Male
Wassily Kandinsky,Male
Wassily Kandinsky,Male
Wassily Kandinsky,Male
Wassily Kandinsky,Male
Wassily Kandinsky,Male
Wassily Kandinsky,Male
Wassily Kandinsky,Male
Wayne Miller,Male
Wayne Miller,Male
Wayne Miller,Male
Wayne Miller,Male
Willem de Kooning,Male
Willem de Kooning,Male
Willem de Kooning,Male
Willem de Kooning,Male
Willem de Kooning,Male
Willem de Kooning,Male
Willem de Kooning,Male
William Blake,Male
William Blake,Male
William Blake,Male
William Blake,Male
William Blake,Male
William Blake,Male
William Blake,Male
William Blake,Male
William Blake,Male
William Henry Fox Talbot,Male
William Henry Fox Talbot,Male
William Henry Fox Talbot,Male
William Henry Fox Talbot,Male
William Holman Hunt,Male
William Holman Hunt,Male
William Holman Hunt,Male
William Holman Hunt,Male
William Sidney Mount,Male
William Sidney Mount,Male
William Sidney Mount,Male
William T. Williams,Male
William T. Williams,Male
William T. Williams,Male
William T. Williams,Male
Winslow Homer,Male
Winslow Homer,Male
Winslow Homer,Male
Winslow Homer,Male
Winslow Homer,Male
Winslow Homer,Male
Winslow Homer,Male
Winslow Homer,Male
